first_name,last_name,password
Tandy,Tuther,xC8/`mlV{5Ha
Frasco,Chelam,uT3?)AVje)*@l
Simonne,Sisey,"qL5.%%|65)3,hV/"
Burnard,Jent,gG1|aGg+
Lari,Pyburn,tF4{MF0p(z
Silvano,McRinn,qG6(HfwB7gl
Chaddy,Clemson,bR9#aJ.LuT{4|nC%
Chen,Lagden,bV1\V'|OMzL
Kendell,Cardus,nG0+8J/y&G
David,Wareham,"gN4`De@,ixYf?_"
Godiva,Gilhouley,tQ6.Ho6F
Kalil,Annion,cS4&mYkuOz
Bailie,Eymor,"gA2""X=Jzs"
Connor,Vertey,"wY8,U)\G5zot(v"
Bronny,Jeannon,wT5%/rpC4+
Marnie,Jennions,hL1{FkGBTcZ
Rorke,Dutson,uQ8>$N+\OCxL&c
Trudie,Blaszkiewicz,"zF5\ts""k5_x"
Pail,Isham,"sC1=""?JS)K5sT""gY"
Mattie,Huckin,vN2'n6p3TivXzuM
Augusto,Starford,vQ3.qPLcrI
Melanie,Clemits,"kL9""D+W8J2"
Carleen,Kennaird,"pS3""\6Kh3W+Tzfaz"
Gabriel,Couttes,bD7~P0DY7xHWK
Hugibert,Bunn,nC9`nO6DlxJ
Quincey,Emeline,nG8|4{EnmG`HML
Orson,Wellum,cW7%9w48
Urson,Spain,"sZ0%BjNSOeFA.,/o"
Ferdie,Fasham,dH9+$vd{S}h_
Cassaundra,Marousek,lX7%JVdl/w
Jeanna,Petrushkevich,uN7+3E~t(
Nannie,Cray,iA2*71)gEuIU
Jessy,Kubatsch,fT6_fP(ek7j\dDpX
Yule,Grise,pP5+AN#3D$Pz
Nichole,Ord,"qR7!{""pp,3V`_"
Palm,Pinnell,iY3%h9y0d{PMLwG
Melessa,Tofanini,cT6/uiaJ>WVO&i
Hurleigh,Woodyer,oL6>fJYzl
Frannie,Matuszyk,zA9&WxTe07
Andy,Szach,"cJ3$.X.oFg{j""nl"
Finley,Utterson,bF7_dw*fN*
Ham,Bolstridge,uJ1*f!Dzl#X3_
Latrina,Petran,"uX4""(""X)I8Y"
Kurt,Jedrzejczyk,"xT5,71zD8(oCMv\"
Ludovico,Feria,"xI5+T5%xhfLj,\"""
Griswold,O'Mahoney,pH9*18Uh
Marge,Smithson,bU0~{li_e.wfSUVO
Abram,Reoch,cM6@QQ}oRt6<k
Dorette,Goosnell,uY2_z$B>?/q0q4n
Amii,Pitkeathly,cN8'B)jt
Arie,Seamen,tM3(xRjae
Alvinia,Reynoollds,"iB6(kQ"".V`.Bc"
Mignonne,Radden,fD8_zQM2u$5'bKeC
Jenine,Menear,"sV5,Id(bCBSq"
Abbi,Prynne,"uI7>8b7C""I""b'U"
Catarina,Biever,sG6+n$HyVg
Pammy,Greeson,cY5~4H}kKD@/V8
Albina,Giraudat,lM9=(?}$sjS`J{My
Pooh,Illes,wO6=s#x<_9@
Lolly,Skingley,pO6#e!_8>=J
Kenyon,Starford,dA8{et#8u)
Gibby,Kinchington,lA0<9zcZ!8
Megan,McCory,"qN6,P`@~?&dxdr2"
Ernesta,Westphal,uB4{sgB3<s'l
Marjy,Baszkiewicz,kE8~mTVGhyN6+*
Maybelle,McShee,uB9'P4($i
Oona,Hyndley,"kQ6<,a@)b?7y+J"
Kirk,Stafford,jR0<K@QP
Morgen,Blaylock,xA1<eZ=22*HFvV
Kirsti,MacPaike,qM5%W>&.
Allard,Coggings,oD5`li?jttPQyy
Sheri,Cleal,aA0~Aaw/u33>
Ambur,Nordass,"rJ8""NFUt0Y"
Paddie,Gooddy,"vP4?zx`,cr9J"
Eleonore,Studman,"oG9=M0fJ0gb""{r"
Catriona,Athelstan,sY4!tnY5\'+y
Patti,Kolinsky,qY0)+2@r7_rHu
Lurleen,Fosdyke,eN6|A#{r
Gardiner,Sandcraft,eW9<1uVGK/G1
Stu,Guitt,oZ7==suoYTM*0EJ
Gustie,Piers,"sT6\""#c|Y0b"
Glory,Linnock,jN7`n=m'PO)4C
Kathy,Sygrove,sC7)S(ndula
Carolyne,Van der Beken,hE9~$1FPg*h
Luther,Allsup,lA6@g*t=#?q@6
Cly,Hussey,rZ3`'yqx93
Madonna,Tissiman,"bU1)X""U3HPn"
Penni,Scarth,qT8<TtJ(~
Marlo,Wibrew,"iO6~Oph).""./v.=G"
Celesta,Stubbley,"nU3**A,c<`"
Ana,Whitloe,qR6|XCv'3r
Reade,Willment,"xP0,dji4Ii96"
Artus,Mac Giany,"qL7\.,TZ2TjL@"
Barbaraanne,Tweedie,mX1\53aQuL
Cy,Spear,"wE7""!Xv*t*9tI}b"
Jammie,Tidman,eE3%woc0+J$iEaT#
Myrle,Benjamin,tB7`1$Yd@UIC?R
Reinhold,Sandeford,"uG1>1O,,8sp%"
Brandea,Giorgetti,"aV1,v""O5="
Channa,Awmack,bC8*zF9Ha')Q{
Val,Findlay,"rX8,$h{|llxuH5m"
Ferrel,Ebben,"wM2~""FdW}"
Sauncho,Nagle,"zM5,6ahq\0T*ac#C"
Alameda,Pressey,pN0<)ZFrs%_RLB$
Win,Karpenko,vV6?&}Gp=|*iCk
Anastassia,Sive,gK5&?A`g3x3T~A
Georgetta,Dacks,mJ4~>v*MhRer7t
Rosalinda,Hancke,qK5@}ell{279/LBi
Lionel,Swinden,"oH4,/t&q,b@$"
Ferdinande,Kosel,"qG0""\!X7VcUC8k5R"
Malchy,Simkin,"yS7&D8S@a'=ezMV,"
Byrle,Jedrzejczak,"tP1~""Fr""oF"
Dudley,Habbershon,"fL5""|m'""y29R5K"
Myrtle,Flitcroft,"fS7&""=7atWc"
Desmund,Mutimer,lP2~ij8c12WBF
Lexis,Beaushaw,"nY0$_QgCDUG"""
Millie,Greeno,hF3%sg&Op'+j#
Nonie,Ollerhad,lH4(t48pREN~Va`
Rodina,Varfalameev,yI8+B2RuU\zwSBX
Murial,Wenn,vQ2_up/<mt
Korey,Shorten,fA0@AoFO
Deni,Bartot,uV8{uK!`jdQ&4
Levey,Lambshine,lL2?LvViJU
Charlotte,Liles,mQ1+%kJ}eEk~UEZN
Curtis,Tilne,"sN9*{""|8Us7l"
Zared,Sargison,vJ9's/|PhS#b{
Fabien,Cosson,"iO3/1EZ|J,Z4AV7"
Seline,Handslip,kT1@DD~/@
Barty,Fuggles,zG9<@4q{JC_tXh)I
Hillier,Illingworth,rM8*.eoX*'gi
Simone,Cyster,vE1@G{~!2Jr6.O<
Justina,Portail,aA5|L\PUI<{7|c
Zea,Hanscomb,xL0&~Y}(Rqn}WYj5
Alec,Ianson,"iO8,i49m"
Rene,McCabe,rZ1~Gw+Y!
Justen,Robeson,"sZ2~+M+T0q"""
Katheryn,Husband,"jJ9(za,GtWQ="
Annabela,Delepine,fF1~Z)\hd
Galina,Nicol,fQ9>N@Wp
Carlie,Longshaw,gH0_CXQb
Horst,Thomasson,"zO8""hCF8"
Claude,Robertis,yT6~e}Lo*xz
Claiborn,Plail,pD9*Ydh0=c0%I0v
Imogen,Bridgwater,jM9<a57}nd4V
Pegeen,Redferne,eP9%=5(iImj!Q*
Layney,Tatham,"kA9\""C(j`i)g"
Conant,Howden,"wV9%""QAAE$""""RR"
Peadar,Howieson,qI4~seSk
Barnie,Skoyles,"vT2),FBXGJej""3"
Silva,Pritchard,vE8@E=dfIkNsK0
Shena,Managh,zX8$$E6wN2_Y
Kelsey,Mateus,aI8*Gn\Mk
Peterus,Bone,"sG6|Q$,W(e"
Zachery,Darcey,oS1\Bxh)wv
Bret,Coaten,xD6&V+Rp@XEPf
Cloe,Strongman,dO3~zJ)I2
Yvon,Potten,xZ0`$)1\(p6`
Phillipe,Foster,"jT6=S58/Fi0,qRs"
Hillie,Forsdicke,sZ3=rxR>@*
Julian,Tubbles,tS5&B/c6fLnLj_y+
Bendicty,Bonwick,jX6?B~&!DUC
Harmon,Sly,rC4<E#<|
Tabbatha,Kerans,sQ7_OW*y)GV
Muffin,Tildesley,lC9$T(7H{5v7@_e
Zola,Kennet,rZ3&xdPR\bCA
Ansell,Rodbourne,tF1=z|(Ykw
Zane,Filippone,cK7'_cNM=
Averell,Pybworth,wA7_gF4T
Dolph,Restieaux,gN7'yCdw
Sisile,Westgate,nT4/?JI\B
Eleanora,Cristofari,"nW4|=9j{,%+ozita"
Gaston,Sigert,yZ7#I!C6'q
Dunc,Jaquiss,"oU5""v2Zw"
Trude,Lorimer,mM8</N#W_LC
Padraig,Gadsby,gV0#5lT~29&8T
Cesaro,Delepine,wO7_~DR/
Patricia,Simic,wF4/sVtK
Milty,Brimblecomb,eA9=?mBsL`N
Jojo,Major,sR4=ZBMdaC<=7}Wu
Greggory,Hayland,"hY8)fY,Brg&~y||"
Idaline,Fantonetti,cU8)pQvQ+
Cathleen,Diloway,"vV7#o=p,$"
Morganne,McIlrath,qP8(az#{V@<es(A
Ambrose,Burdfield,cA1\j_1Ui/M
Rozanna,Hollibone,eD8~rH7j}{
Scarface,Girvin,"sJ1%c""_</<h"
Cori,Hallgalley,vZ2`BuY*9>hpOz#
Raye,Heckle,sE8`QTt&uu
Madonna,McClements,"lA2{|YzmW#(lH,Y"
Helen,Scalera,lZ7)ZXqeXa
Wolfy,Gotts,eZ3$*2yQ
Etan,Cotton,"zX7#X&a7V$YOR""/"
Danna,Eccles,kC0|54{r+w2k
Rodrick,Elion,bR6(0\w`Y>{
Arlin,Chiswell,"oO4$(}mz/k`xo,?"
Panchito,Mousby,vA9'yj>n
Kristoffer,Dowson,xO2|86?VMS
Terry,Chawner,"wV4\"")<C}idN"
Park,Messham,mT7{|%xD6I$.@0)P
Clemence,Sneller,xC0)+byQT8S*vN/
